Metric,Weibo_text,Weibo_emoji_prev,Weibo_emoji
Acc,0.7770345596432553,0.6233333333333333,0.8233333333333334
F1_hate,0.6825396825396826,0.6616766467065869,0.8250825082508251
F1_not,0.8281786941580757,0.575187969924812,0.8215488215488216
F1_macro,0.755359188348879,0.6184323083156995,0.8233156648998233
