Metric,R1,R2,R3,R4
Acc,0.5135135135135135,0.7950819672131147,0.7980625931445604,0.7967237527922562
F1_sex,0.5263157894736842,0.6367239101717305,0.6322930800542741,0.6181818181818182
F1_not,0.5,0.8572911261027504,0.8608115048793015,0.8614916286149162
F1_macro,0.513157894736842,0.7470075181372404,0.7465522924667878,0.7398367233983671
